[
    {
        "type": "string",
        "title": "Python Shell Path",
        "section": "global",
        "key": "python_shell_path"
    },
    {
        "type": "bool",
        "title": "Reload KV Automatically",
        "section": "global",
        "key": "reload_kv"
    },
    {
        "type": "numeric",
        "title": "Number of Recent Files",
        "section": "global",
        "key": "num_recent_files"
    },
    {
        "type": "numeric",
        "title": "Auto Save current Project after every (in mins)",
        "section": "global",
        "key": "auto_save_time"
    },
    {
        "type": "bool",
        "title": "Save window size on exit",
        "desc": "Desktop Only",
        "section": "desktop",
        "key": "save_window_size"
    },
    {
        "type": "bool",
        "title": "Exit application on Escape key",
        "desc": "Desktop Only",
        "section": "desktop",
        "key": "exit_on_escape"
    }
]
